algorithm;key;hashed_key
md5;abcdef;b30f33d2048feac790ba764e597c307e;
md5;okmnjiuhb;05b9905071dbd3e67bbf036b1da415d9;
md5;qazokmwsxijnedcijnrfvuhb;4e902569c524e858b84096e35b8c98b7;
sha1;abcdef;e935135cd210a447e9eb985d2979b003d48a40a3;
sha1;okmnjiuhb;998b8ecffd8b3047a12861214b7bb0baf213024f;
sha1;qazokmwsxijnedcijnrfvuhb;2342ae1788425f0066f5629861d451e614c0f4f9;
sha256;abcdef;374695b3f42031f69d86be5a6c13cf645b3260565fe0bec9b70f14f083cf6d1b;
sha256;okmnjiuhb;cca5f9264ee4ea31c447e90ce7d00f8651a572d8b31e7062ed71d9519dcb82ee;
sha256;qazokmwsxijnedcijnrfvuhb;b3eb35ca0a8eb6490399bebc46be9a3d1b61c08382d170a08c924806349076eb;

